targetId,totalPeers,respondedPeers,hitPeers,logFile
e65c68707ed15b1d6f7161fb36526576fe67b688896e06d7f173cfd0182b2b5b4871a343c92adc200661f66d7c337b13f6e4c13c8c9540008114b2130cc59141,5562,598,35,./logs/20260405_102354_E65C68707ED15B1D6F7161FB36526576FE67B688896E06D7F173CFD0182B2B5B4871A343C92ADC200661F66D7C337B13F6E4C13C8C9540008114B2130CC59141/run.log
8188166cd3499000443077351920da8551c0a2638708ce91d01facae573a2d30b3c8af3e7f1458d5c1fe8673e90bd1b7426a5b38c0abba32fba90822b4a86460,5562,787,290,./logs/20260405_103324_8188166CD3499000443077351920DA8551C0A2638708CE91D01FACAE573A2D30B3C8AF3E7F1458D5C1FE8673E90BD1B7426A5B38C0ABBA32FBA90822B4A86460/run.log
1703fee426dd4289e13e4faee4d9fe4c88679440965c1dcd8001d9ef39a4e14d4d00bfd24fc596f4fd354666cf3fa327c773dfd9a0a6e8ea736b570f8b25663a,5562,594,47,./logs/20260405_104254_1703FEE426DD4289E13E4FAEE4D9FE4C88679440965C1DCD8001D9EF39A4E14D4D00BFD24FC596F4FD354666CF3FA327C773DFD9A0A6E8EA736B570F8B25663A/run.log
b6126d539370fb22d0d11e31696973bdde6e438fa511ddbd88c3e43f0ed4195c001539cefbf768bbeda6e73cce477e4ebe3c2237c85cd94db82ac44464b9f551,5562,783,51,./logs/20260405_105223_B6126D539370FB22D0D11E31696973BDDE6E438FA511DDBD88C3E43F0ED4195C001539CEFBF768BBEDA6E73CCE477E4EBE3C2237C85CD94DB82AC44464B9F551/run.log
417fe0fbdba6bafafff2ad485f494cfa6ff9b1b1db6c0d1a54d98363a46e7cf15bbe7f2030a37e1ec62e2297e06e7bbdf44ba01bcd7f3df79d6cbb775b71417d,5562,597,11,./logs/20260405_110152_417FE0FBDBA6BAFAFFF2AD485F494CFA6FF9B1B1DB6C0D1A54D98363A46E7CF15BBE7F2030A37E1EC62E2297E06E7BBDF44BA01BCD7F3DF79D6CBB775B71417D/run.log
fb6b274d9fbb92a2aeccd5306784e91b7f2861d100debde50760c86ed443419d43846969aaaa20328fdf9a9185e576e51c79a51214e6d4da008ee3e89f38b444,5562,787,102,./logs/20260405_111122_FB6B274D9FBB92A2AECCD5306784E91B7F2861D100DEBDE50760C86ED443419D43846969AAAA20328FDF9A9185E576E51C79A51214E6D4DA008EE3E89F38B444/run.log
dc26c6232b7e2b9c221a13e4e43c7eb75c00ddb03784efe97a0b66076a034a11ef5483dae4c65b199a73410f05cc3ca77528ed94eb4444ae1314ed2f72c9e2d8,5562,598,127,./logs/20260405_112051_DC26C6232B7E2B9C221A13E4E43C7EB75C00DDB03784EFE97A0B66076A034A11EF5483DAE4C65B199A73410F05CC3CA77528ED94EB4444AE1314ED2F72C9E2D8/run.log
17d6708102c9fda7c11aba1ffe03404380d7b70f9fcf17ad63d8349d90bf517e87a584800699f8caade4a313d126de7d76477c3bb82dbf15499b1b597e25aa46,5562,790,77,./logs/20260405_113020_17D6708102C9FDA7C11ABA1FFE03404380D7B70F9FCF17AD63D8349D90BF517E87A584800699F8CAADE4A313D126DE7D76477C3BB82DBF15499B1B597E25AA46/run.log
e138b095559bc89c036e9ab5eeba04301c9911a10eff0dd8c065a4cd94eff80517eb8733c41ad2fcf2a288713f37e445e89922d1cca43b352a5e4a7a8024ead0,5562,600,27,./logs/20260405_113949_E138B095559BC89C036E9AB5EEBA04301C9911A10EFF0DD8C065A4CD94EFF80517EB8733C41AD2FCF2A288713F37E445E89922D1CCA43B352A5E4A7A8024EAD0/run.log
81085476e5909d54c817638c84fde5e66a509af6e1533d1516c0a1b0b20237a98e762a777988bb09d6c563105b5156fde72320defa0b6ccb36d1323e092bd056,5562,786,13,./logs/20260405_114919_81085476E5909D54C817638C84FDE5E66A509AF6E1533D1516C0A1B0B20237A98E762A777988BB09D6C563105B5156FDE72320DEFA0B6CCB36D1323E092BD056/run.log
faca503ecf97996f1feba608847805bd989d8f73cb0e7dd461934527f4233e9b61ddc91200569ccd4fa201bd87fe1f5c86a20c4f80b5530b0674d3ab9de0a68a,5562,598,60,./logs/20260405_115848_FACA503ECF97996F1FEBA608847805BD989D8F73CB0E7DD461934527F4233E9B61DDC91200569CCD4FA201BD87FE1F5C86A20C4F80B5530B0674D3AB9DE0A68A/run.log
ab98843fd2c2b246f15d706a07e7aa5d7a53943fcbb3dc3f0e209efc2a82ab56cdf96ea5cb703e19abbaa01a0848fce50b4544f5abee70d897bca22158a40588,5562,786,39,./logs/20260405_120817_AB98843FD2C2B246F15D706A07E7AA5D7A53943FCBB3DC3F0E209EFC2A82AB56CDF96EA5CB703E19ABBAA01A0848FCE50B4544F5ABEE70D897BCA22158A40588/run.log
769400805e76968e103bbfbc78f666010a07370def0570107637e2a170b5c3b8df01cfa34a9fd35c50153cac5b7eca11c741b4be409c0cc1f9f89c53e2bf6e9b,5562,597,67,./logs/20260405_121746_769400805E76968E103BBFBC78F666010A07370DEF0570107637E2A170B5C3B8DF01CFA34A9FD35C50153CAC5B7ECA11C741B4BE409C0CC1F9F89C53E2BF6E9B/run.log
45c0c2264b7c28251cb6e6e643a6c85d8ae76db69865a6364b6b035a2cc696100ed7265357adbbfebacd4eb02448d6d71427007c79ba9043db769501245e9a22,5562,786,63,./logs/20260405_122715_45C0C2264B7C28251CB6E6E643A6C85D8AE76DB69865A6364B6B035A2CC696100ED7265357ADBBFEBACD4EB02448D6D71427007C79BA9043DB769501245E9A22/run.log
469afc6f33e63d33290761ba75d63562a744384e228c2f7c893b99484639f638877319e5d83a4238dd6c260fb1512d2e5f5b17c14b78939c806c8dc74534005a,5562,589,18,./logs/20260405_123644_469AFC6F33E63D33290761BA75D63562A744384E228C2F7C893B99484639F638877319E5D83A4238DD6C260FB1512D2E5F5B17C14B78939C806C8DC74534005A/run.log
ec081be0d610f5712f19c1fe4edacbc4296117d3744d216c60cf170271bb7051213a652507f19aa2159bcea781f6b5103bc5024a69105ebe5e46cd88af2cf2d5,5562,783,55,./logs/20260405_124614_EC081BE0D610F5712F19C1FE4EDACBC4296117D3744D216C60CF170271BB7051213A652507F19AA2159BCEA781F6B5103BC5024A69105EBE5E46CD88AF2CF2D5/run.log
c703fc425be2963ecb7c924353ed82bfb2e154fc83c3cee7137f3bf578038e223a98dc945a68c45ecf18fd4397ee72b0533d766027a2d65d064ef86aebcc8599,5562,596,78,./logs/20260405_125543_C703FC425BE2963ECB7C924353ED82BFB2E154FC83C3CEE7137F3BF578038E223A98DC945A68C45ECF18FD4397EE72B0533D766027A2D65D064EF86AEBCC8599/run.log
7a286525712d7a23538ba2b8932bc2d1cc4961178c0c59c31d9450fcb1423522e89f2ed49a6f845dc46474eed5c3e4bf348a4f819624665d048a7cf0d49197c4,5562,784,15,./logs/20260405_130512_7A286525712D7A23538BA2B8932BC2D1CC4961178C0C59C31D9450FCB1423522E89F2ED49A6F845DC46474EED5C3E4BF348A4F819624665D048A7CF0D49197C4/run.log
f3bad3a8ed0dbb8f857c3c7b236142a3944c0997af16c93e4bf5880a66e0ebc2631c978a4026bc3e2152ca2082f9cad4ea728aff334292e2003d0a3d762bab32,5562,598,4,./logs/20260405_131441_F3BAD3A8ED0DBB8F857C3C7B236142A3944C0997AF16C93E4BF5880A66E0EBC2631C978A4026BC3E2152CA2082F9CAD4EA728AFF334292E2003D0A3D762BAB32/run.log
ab37d79978bb03521279b46c9069925aad4205b9abec5781568946d78299768fe1c300d1c51b0d644cdc6d9544f1d694962c3181a37e5afaa08a4a3de3a00a1a,5562,781,469,./logs/20260405_132411_AB37D79978BB03521279B46C9069925AAD4205B9ABEC5781568946D78299768FE1C300D1C51B0D644CDC6D9544F1D694962C3181A37E5AFAA08A4A3DE3A00A1A/run.log
c8f243a4a68270faf63bd6b6152e8c161971d784a8683b67c0999a3d85ffed39259a5dc93702cb938f03e55bcc3e898e6457741b00338f2482680c065eab5446,5562,595,68,./logs/20260405_133340_C8F243A4A68270FAF63BD6B6152E8C161971D784A8683B67C0999A3D85FFED39259A5DC93702CB938F03E55BCC3E898E6457741B00338F2482680C065EAB5446/run.log
a91d8b055084508bc4cd49852cea6fa969f35c79e58076256589c6ed5f73b66e100f12025a39be27386c9f262ee1e1cfc1670d72fca1473cceaf320288e10190,5562,779,62,./logs/20260405_134309_A91D8B055084508BC4CD49852CEA6FA969F35C79E58076256589C6ED5F73B66E100F12025A39BE27386C9F262EE1E1CFC1670D72FCA1473CCEAF320288E10190/run.log
a972be7ca31408cd58b16bfbd6ebba1321e746d0f6ef2c4094f1b10ef8e9f54ca03cf45aaefb954423d7c5f8b0ea4d08167e84e366e0eeea6fc6208e47a89cd8,5562,596,81,./logs/20260405_135238_A972BE7CA31408CD58B16BFBD6EBBA1321E746D0F6EF2C4094F1B10EF8E9F54CA03CF45AAEFB954423D7C5F8B0EA4D08167E84E366E0EEEA6FC6208E47A89CD8/run.log
3eebfd9c178c756f5b229b0619e74f3e5a302a8166997ee4d8f08144a990c93b087a0c24e41091e4a5672ac086cc5b08d2c9b56d8683bb2c210f479e8335d540,5562,780,80,./logs/20260405_140207_3EEBFD9C178C756F5B229B0619E74F3E5A302A8166997EE4D8F08144A990C93B087A0C24E41091E4A5672AC086CC5B08D2C9B56D8683BB2C210F479E8335D540/run.log
d4cb7032dadcfbc69a1f679f366be3e24f4fdc4a5098ce4152a8fe436f21f6ae8c8532b96daaeafddfb850bb259fafa05811fa5f71ecfb88e08913d64cf74bf2,5562,598,442,./logs/20260405_141136_D4CB7032DADCFBC69A1F679F366BE3E24F4FDC4A5098CE4152A8FE436F21F6AE8C8532B96DAAEAFDDFB850BB259FAFA05811FA5F71ECFB88E08913D64CF74BF2/run.log
90f4827ecb1fa43a4ef4afbf842f993ad3c9cab9df4c5897da073399f7858df07d669a248a1193f7542705eb4bcd4dcecb3388c28c09c8c9dc53ff2bb5db3fc5,5562,777,43,./logs/20260405_142106_90F4827ECB1FA43A4EF4AFBF842F993AD3C9CAB9DF4C5897DA073399F7858DF07D669A248A1193F7542705EB4BCD4DCECB3388C28C09C8C9DC53FF2BB5DB3FC5/run.log
5dfadb578c2e83386d7f07da684c06140c7fc1353df06c81a11b84b649c1e8f7cf4dd57dacf35625acfbbdaabcd7bd0bd92d668d5ae21133d349769a5a8ae5dc,5562,598,54,./logs/20260405_143035_5DFADB578C2E83386D7F07DA684C06140C7FC1353DF06C81A11B84B649C1E8F7CF4DD57DACF35625ACFBBDAABCD7BD0BD92D668D5AE21133D349769A5A8AE5DC/run.log
73ff659d75b477e21b11bd910b8ea187a357a7a0ecfcf526f6ea7676284cf9cf2165deea87d012ee2aa7bae3789873e426f2509af1c76fa74eef6d487837f855,5562,786,44,./logs/20260405_144005_73FF659D75B477E21B11BD910B8EA187A357A7A0ECFCF526F6EA7676284CF9CF2165DEEA87D012EE2AA7BAE3789873E426F2509AF1C76FA74EEF6D487837F855/run.log
da93f80a2f99009bcbd1d331525788a239e774c70da27f7772f8bb7049d3dead8a7a97c1959dd9cf3b27aa4264ff505a1adf5e0bc374dca00075c2da62ac2cea,5562,600,283,./logs/20260405_144934_DA93F80A2F99009BCBD1D331525788A239E774C70DA27F7772F8BB7049D3DEAD8A7A97C1959DD9CF3B27AA4264FF505A1ADF5E0BC374DCA00075C2DA62AC2CEA/run.log
5d218360c473572f4bae25b6af2591ce186aaa17a037eab656e2a94602aaade2c88a9d5bedb480e8ebb3fab504c0bfa334e5ae45cb9f2a43df815396990b2b88,5562,775,41,./logs/20260405_145903_5D218360C473572F4BAE25B6AF2591CE186AAA17A037EAB656E2A94602AAADE2C88A9D5BEDB480E8EBB3FAB504C0BFA334E5AE45CB9F2A43DF815396990B2B88/run.log
5bdf93b1d1a0ec59bd3e362060bdc5e9886d9b685dacfb665935e9c3a8a6a6f06ad07cccfd6f771b694f2c8cefd383a396d5cf6492c2137b833f005b19adcc89,5562,599,288,./logs/20260405_150832_5BDF93B1D1A0EC59BD3E362060BDC5E9886D9B685DACFB665935E9C3A8A6A6F06AD07CCCFD6F771B694F2C8CEFD383A396D5CF6492C2137B833F005B19ADCC89/run.log
7428b547fd0eb34f8468b9cfc4fc71916dbfddc854ab88072f2e79c4c00edc6bc599c54454bf2cdd8a9e8146b449fb593c710e47c88b1af06afa563c1aad047f,5562,773,42,./logs/20260405_151801_7428B547FD0EB34F8468B9CFC4FC71916DBFDDC854AB88072F2E79C4C00EDC6BC599C54454BF2CDD8A9E8146B449FB593C710E47C88B1AF06AFA563C1AAD047F/run.log
4aa84a653b35226373d11357876610e2946a997d0354d8294dd3333d07e63e34bc2735c56bc923025055d284e7c80f1766c5185eb51cb10df97ac79a2e98f060,5562,598,279,./logs/20260405_152731_4AA84A653B35226373D11357876610E2946A997D0354D8294DD3333D07E63E34BC2735C56BC923025055D284E7C80F1766C5185EB51CB10DF97AC79A2E98F060/run.log
e4be899067e8870e8e38e69f343354c84665c31cc5b7d1974d526d8fcdd72d2ebf614651b868e2f70ced9787395ae9a13460f9acce933924cc0c87b91b4251d6,5562,785,454,./logs/20260405_153700_E4BE899067E8870E8E38E69F343354C84665C31CC5B7D1974D526D8FCDD72D2EBF614651B868E2F70CED9787395AE9A13460F9ACCE933924CC0C87B91B4251D6/run.log
8a133495ff08d747cd37baf74e1882e724fac3dd89cfd1b57160471ef82a1deb9e1a8e134626ea78e95cd481b9d3ee82687cf3884c28b89f9c1bd5d96a9838ac,5562,596,55,./logs/20260405_154629_8A133495FF08D747CD37BAF74E1882E724FAC3DD89CFD1B57160471EF82A1DEB9E1A8E134626EA78E95CD481B9D3EE82687CF3884C28B89F9C1BD5D96A9838AC/run.log
567b894d1749cd3630d2904feae823071a8b9bc6d96db49250feedab17ee5fb95e24747de72b43e5b15a93d2f6b6b49e29a99dfe17e1d9d215fbecadbbac3a2b,5562,783,95,./logs/20260405_155558_567B894D1749CD3630D2904FEAE823071A8B9BC6D96DB49250FEEDAB17EE5FB95E24747DE72B43E5B15A93D2F6B6B49E29A99DFE17E1D9D215FBECADBBAC3A2B/run.log
8cc8260a138823ae73380cbf1132d192dac3cf5867a342148b3a056db892622f55dfdedf36a63014cfe51d5ea301ec29d0918bb85a4c8fe41dbcadfe52a0c79d,5562,596,60,./logs/20260405_160527_8CC8260A138823AE73380CBF1132D192DAC3CF5867A342148B3A056DB892622F55DFDEDF36A63014CFE51D5EA301EC29D0918BB85A4C8FE41DBCADFE52A0C79D/run.log
60b1c887c52b19b633b478d2aa57d0a33a44d682c31e267e45ce0e4f82943bade2ced5966b09cc8e911c8804322bd2448d4bd716a51adf8f05b5275aa1d1692e,5562,784,520,./logs/20260405_161456_60B1C887C52B19B633B478D2AA57D0A33A44D682C31E267E45CE0E4F82943BADE2CED5966B09CC8E911C8804322BD2448D4BD716A51ADF8F05B5275AA1D1692E/run.log
47ffb225eedb80e54acdc484d154d8b84b857e76958ce588506d1d96af7195c50a80cebf4a9ba254cfd68f7cb5610c488c34e5f40d50d0103a2ace9a9e3e36f8,5562,598,265,./logs/20260405_162425_47FFB225EEDB80E54ACDC484D154D8B84B857E76958CE588506D1D96AF7195C50A80CEBF4A9BA254CFD68F7CB5610C488C34E5F40D50D0103A2ACE9A9E3E36F8/run.log
6e506d4528d0c06d7f1824dee95cb2381cbb4f28e7184b9eb1554d11951973cd12680a91a21c4488044c68dbd2b9a5c063c11f943f364c875fbdda8503f9d99d,5562,778,1,./logs/20260405_163355_6E506D4528D0C06D7F1824DEE95CB2381CBB4F28E7184B9EB1554D11951973CD12680A91A21C4488044C68DBD2B9A5C063C11F943F364C875FBDDA8503F9D99D/run.log
30292d5ded98d17b27c9f4153c2bb6f6d7878840b1d86dc4b349d2aa86c9345269f09b8ca2950a923fff4996521e3674c4c76080b59e769a11804e98aa0ec456,5562,599,12,./logs/20260405_164324_30292D5DED98D17B27C9F4153C2BB6F6D7878840B1D86DC4B349D2AA86C9345269F09B8CA2950A923FFF4996521E3674C4C76080B59E769A11804E98AA0EC456/run.log
c98b001c1c7527487c80acebd018d87a44a5748dff65f2f42296a998b56c1c1ad37c582c4ca3c898bb96690297105479f0278c31cb2cc7de72a487999041d73a,5562,786,3,./logs/20260405_165253_C98B001C1C7527487C80ACEBD018D87A44A5748DFF65F2F42296A998B56C1C1AD37C582C4CA3C898BB96690297105479F0278C31CB2CC7DE72A487999041D73A/run.log
7f2e8312b9c075a629d8c6ff6baeb15abe54fdefa0996e2177b83d75e0a8b9f6707a1bf92016fc0a3af7b4cf5ee9506ea9c39c5d8491a4bc01a104af93592fdd,5562,600,2,./logs/20260405_170222_7F2E8312B9C075A629D8C6FF6BAEB15ABE54FDEFA0996E2177B83D75E0A8B9F6707A1BF92016FC0A3AF7B4CF5EE9506EA9C39C5D8491A4BC01A104AF93592FDD/run.log
3434bd3b18781b5e71230834444035f9a59c1d9ee57580f7bfe4c55ff8a114c9e43cfcc3eebc1ec49e0caf45587b2a255ed282a8379e8d482e1258f3ffb64a94,5562,786,72,./logs/20260405_171151_3434BD3B18781B5E71230834444035F9A59C1D9EE57580F7BFE4C55FF8A114C9E43CFCC3EEBC1EC49E0CAF45587B2A255ED282A8379E8D482E1258F3FFB64A94/run.log
f9c101e2d3e97c1b744229f8f665eb7d0e9460f5042f5460415cd73131651c4ac86d0616fa9edf1ef53e7a6c507954a205b128a8db24e94c8a44f5cec70f1a8c,5562,601,282,./logs/20260405_172120_F9C101E2D3E97C1B744229F8F665EB7D0E9460F5042F5460415CD73131651C4AC86D0616FA9EDF1EF53E7A6C507954A205B128A8DB24E94C8A44F5CEC70F1A8C/run.log
a4aba4286ac128f2125b502adc7b9a91af56a645958da33167f0d1dceeaed263c2ae60ef49e2c0acb147e505db54dd5faf62e85f1eb0300714c26984f39363ab,5562,780,270,./logs/20260405_173049_A4ABA4286AC128F2125B502ADC7B9A91AF56A645958DA33167F0D1DCEEAED263C2AE60EF49E2C0ACB147E505DB54DD5FAF62E85F1EB0300714C26984F39363AB/run.log
e5965df25a8da797ecf04606577d460d0423881de2c6b148df950ceb3f7c0f47e769dcc3d1370fa119bf1fa22413a0a924bdf1865e7975a7d329cc7a72be559a,5562,597,34,./logs/20260405_174018_E5965DF25A8DA797ECF04606577D460D0423881DE2C6B148DF950CEB3F7C0F47E769DCC3D1370FA119BF1FA22413A0A924BDF1865E7975A7D329CC7A72BE559A/run.log
e6ea4d80a354fe462567e7b6e9d5f44361bfc4bda5c4f81625b47332aad3c2968bd95c8b4e0f982b42a978ca7fd732851205f4cf79405299f5114f5682d5eb9e,5562,784,72,./logs/20260405_174947_E6EA4D80A354FE462567E7B6E9D5F44361BFC4BDA5C4F81625B47332AAD3C2968BD95C8B4E0F982B42A978CA7FD732851205F4CF79405299F5114F5682D5EB9E/run.log
efc70644855fc4eecacdc49a5772b03a447a8c50b08eaa0f295f65f01f5bbc40cb43aafb2ee66bc2fa82f718463c61c7796b77ce17c1d7df155e36138fec250a,5562,603,420,./logs/20260405_175916_EFC70644855FC4EECACDC49A5772B03A447A8C50B08EAA0F295F65F01F5BBC40CB43AAFB2EE66BC2FA82F718463C61C7796B77CE17C1D7DF155E36138FEC250A/run.log
c00c0f73332608d25e1e45794bc634e3f7acb74a5dc9fb1a35f3000da3dd1ef3341075ba175f672b18d3f8c3820dc65c42094bae0a07fd878faabf7aa1628d0f,5562,782,228,./logs/20260405_180846_C00C0F73332608D25E1E45794BC634E3F7ACB74A5DC9FB1A35F3000DA3DD1EF3341075BA175F672B18D3F8C3820DC65C42094BAE0A07FD878FAABF7AA1628D0F/run.log
8d0f8ab5f811e584e589a469b93872b7871997f629d04357e6a5ac4a0e10a0c25b7a6f63fcc3d509fb7682c758ea91dcd146baaf0cf71fa529e80e6d7c4d2c4b,5562,599,38,./logs/20260405_181815_8D0F8AB5F811E584E589A469B93872B7871997F629D04357E6A5AC4A0E10A0C25B7A6F63FCC3D509FB7682C758EA91DCD146BAAF0CF71FA529E80E6D7C4D2C4B/run.log
4e323c620865572e4cc7da3cebd736d280cff8c56f7f808c0fd56168fd4cd3402025036901cb1eed298f14f539f568a57c0834518cd9e22681fbeae0612683b8,5562,781,95,./logs/20260405_182744_4E323C620865572E4CC7DA3CEBD736D280CFF8C56F7F808C0FD56168FD4CD3402025036901CB1EED298F14F539F568A57C0834518CD9E22681FBEAE0612683B8/run.log
8d6d7174c2952da25e3d30e0b1abcf61ef4428c64882cee807113411e5600436b38e4c3322e142b93172b806a53f2a8498823e2c1479ad8eac42d74887e74f02,5562,599,367,./logs/20260405_183713_8D6D7174C2952DA25E3D30E0B1ABCF61EF4428C64882CEE807113411E5600436B38E4C3322E142B93172B806A53F2A8498823E2C1479AD8EAC42D74887E74F02/run.log
28728d9c7285286594b986712f0068f209cdc8ab258a65b823dd12a032eadf61d29d1a3d2c3fdaef806e9a70090cc16d1e3abd9be481317870090a9b9b48178a,5562,785,519,./logs/20260405_184642_28728D9C7285286594B986712F0068F209CDC8AB258A65B823DD12A032EADF61D29D1A3D2C3FDAEF806E9A70090CC16D1E3ABD9BE481317870090A9B9B48178A/run.log
3c078d942e9f7413868bc901e581d1002a7725aef8754aa5cc2cdac2e1ac2f8b68b8992d61a1beea318dd42d631902e37d082badd8efc16c5e9c654e664a1baa,5562,600,198,./logs/20260405_185611_3C078D942E9F7413868BC901E581D1002A7725AEF8754AA5CC2CDAC2E1AC2F8B68B8992D61A1BEEA318DD42D631902E37D082BADD8EFC16C5E9C654E664A1BAA/run.log
3853d11d2a37d6a7a2bbd638040cb44855d7f30a117aab0f704df25a63dc59b678183a323fb35bc3e2d8d0dd1d482db9631ff81680cef1350e098d0f248704eb,5562,788,420,./logs/20260405_190540_3853D11D2A37D6A7A2BBD638040CB44855D7F30A117AAB0F704DF25A63DC59B678183A323FB35BC3E2D8D0DD1D482DB9631FF81680CEF1350E098D0F248704EB/run.log
8802f213625126b692accea81b4fdfc66dc30cfc9b4bc03bfc97cb6428e9b70b7ed9c80b4661749ec81deea6a6d7d233dec7bba782cfe1a854eb0f390bd8f418,5562,593,48,./logs/20260405_191509_8802F213625126B692ACCEA81B4FDFC66DC30CFC9B4BC03BFC97CB6428E9B70B7ED9C80B4661749EC81DEEA6A6D7D233DEC7BBA782CFE1A854EB0F390BD8F418/run.log
1149e619704ea31f45b303e15c93445c6771e826581212e5702319f27c629d20445bf87812e33119a4771fe88e7df58ece1a8a14c7eaa73cc5e91783dd57e6fc,5562,786,46,./logs/20260405_192439_1149E619704EA31F45B303E15C93445C6771E826581212E5702319F27C629D20445BF87812E33119A4771FE88E7DF58ECE1A8A14C7EAA73CC5E91783DD57E6FC/run.log
767dbf7b09cbdf94278a650fee24c43365c17e17bb6f303b89e921958f519b180cbf9d18965c9d9f7fb9ebf535e6ccec5c81d03ca2207ddcd96882a1e0612bf4,5562,600,280,./logs/20260405_193408_767DBF7B09CBDF94278A650FEE24C43365C17E17BB6F303B89E921958F519B180CBF9D18965C9D9F7FB9EBF535E6CCEC5C81D03CA2207DDCD96882A1E0612BF4/run.log
8f8a05da16be1b79695afccdc5f43d8bc01058db9864bc8c50aa3308ad4d9f96b65fffebb2931163f137037a816e3c3d6d3f524e4fa584af946b3e17edef9347,5562,785,37,./logs/20260405_194337_8F8A05DA16BE1B79695AFCCDC5F43D8BC01058DB9864BC8C50AA3308AD4D9F96B65FFFEBB2931163F137037A816E3C3D6D3F524E4FA584AF946B3E17EDEF9347/run.log
ea4cc064381fceba5857d1de8f99a8446d2219eff58da7c5eecc5b39bec75cb27496545b871eea06210815b79bdf949cb695bf5205d245d4c2bbda08e7c0ff9b,5562,603,38,./logs/20260405_195306_EA4CC064381FCEBA5857D1DE8F99A8446D2219EFF58DA7C5EECC5B39BEC75CB27496545B871EEA06210815B79BDF949CB695BF5205D245D4C2BBDA08E7C0FF9B/run.log
1d0bc2cac787f5c1c7b29bfbb0369bba0f54c6d67a6d8b99e6ba1ffd5fbf9b9d0a98360c4fc1d69185016f623f5d574e7f288c453d051bf59dedb179fc89332b,5562,785,76,./logs/20260405_200235_1D0BC2CAC787F5C1C7B29BFBB0369BBA0F54C6D67A6D8B99E6BA1FFD5FBF9B9D0A98360C4FC1D69185016F623F5D574E7F288C453D051BF59DEDB179FC89332B/run.log
c6d96ccc5be4debb951b176ba395353714b607105ad81c2f7da480f6d40b031da1de4b954c8186baa95fa7bd4a45bc6cf980a38967c7726bf0f68ec68b2ed2ce,5562,604,0,./logs/20260405_201204_C6D96CCC5BE4DEBB951B176BA395353714B607105AD81C2F7DA480F6D40B031DA1DE4B954C8186BAA95FA7BD4A45BC6CF980A38967C7726BF0F68EC68B2ED2CE/run.log
9c1caeabfde77ca31603ade1b8b6c411631d73f302cb226e1fa02581b4dc3d2502a2560d9b9b22e450930b7b233ae7f64da1caf97d5a362716f0168c749c79a7,5562,779,51,./logs/20260405_202133_9C1CAEABFDE77CA31603ADE1B8B6C411631D73F302CB226E1FA02581B4DC3D2502A2560D9B9B22E450930B7B233AE7F64DA1CAF97D5A362716F0168C749C79A7/run.log
f270ef43a5a7bb2ccf9f750e7a4d5f2e50575d2d40683377cfea5c86225108c3da7ca33203f65ecaf9ad9a75af049c913c23e71e2d59c01be914fdf994bb49f8,5562,605,32,./logs/20260405_203102_F270EF43A5A7BB2CCF9F750E7A4D5F2E50575D2D40683377CFEA5C86225108C3DA7CA33203F65ECAF9AD9A75AF049C913C23E71E2D59C01BE914FDF994BB49F8/run.log
72241b9b731cd3216c901ef26074f5dd6c0671bd5551e171be519706ad439169cea8650b174c038e5d19ac6b9b357d694ac484afc9c945f817397ce70bf0b0f7,5562,784,425,./logs/20260405_204032_72241B9B731CD3216C901EF26074F5DD6C0671BD5551E171BE519706AD439169CEA8650B174C038E5D19AC6B9B357D694AC484AFC9C945F817397CE70BF0B0F7/run.log
466eed4a35e9a6a17202c5bfce2eb77fae34f5a896263f514bc69339ba65d6d4b0e906b748c76318a76b2505bf193eb525f010070d00773bba6804729702d7b6,5562,608,164,./logs/20260405_205001_466EED4A35E9A6A17202C5BFCE2EB77FAE34F5A896263F514BC69339BA65D6D4B0E906B748C76318A76B2505BF193EB525F010070D00773BBA6804729702D7B6/run.log
f01974e2668e714d03f0edb1ce76e61e1e65c3b3104c4dd3dd48869c36557be9f0fbf650768203402bbf7dcf8760bc5c28a36e8f6c492e2705278f1692320955,5562,785,59,./logs/20260405_205930_F01974E2668E714D03F0EDB1CE76E61E1E65C3B3104C4DD3DD48869C36557BE9F0FBF650768203402BBF7DCF8760BC5C28A36E8F6C492E2705278F1692320955/run.log
4db5d6eadb8286700a91b6a8b8fd5af472409f97c68cefe2191f0d26ab6d41ec182c1063884af40bb93f61cb4e9f4cccaa9eb9901ea274bb086eead65944cfe1,5562,603,57,./logs/20260405_210859_4DB5D6EADB8286700A91B6A8B8FD5AF472409F97C68CEFE2191F0D26AB6D41EC182C1063884AF40BB93F61CB4E9F4CCCAA9EB9901EA274BB086EEAD65944CFE1/run.log
c75f1e4359bf345b3a8c6c96bff5ae520bc5e4c98bb1213cf09aff437444b3fea56762ee307c14f359c9bcc53394ce9f3e618e0ed89598d0efb72f438d98e9fd,5562,788,281,./logs/20260405_211828_C75F1E4359BF345B3A8C6C96BFF5AE520BC5E4C98BB1213CF09AFF437444B3FEA56762EE307C14F359C9BCC53394CE9F3E618E0ED89598D0EFB72F438D98E9FD/run.log
bee13147ad176da1458c13b07936fc8388c73b9a5b0ca7b07fe78ed5d0d79b0f3c0e7d6be7473644974304e67f758688223255b4c26b150670e2011bf9256232,5562,599,292,./logs/20260405_212757_BEE13147AD176DA1458C13B07936FC8388C73B9A5B0CA7B07FE78ED5D0D79B0F3C0E7D6BE7473644974304E67F758688223255B4C26B150670E2011BF9256232/run.log
8da0a9bc8816c3cc278d7febe3b3afd4604e957074f3d12edd15d24713527cbccb47cfb1cc5580a62fffe53137fadf898d35310359392a55b18d288d52498498,5562,789,494,./logs/20260405_213726_8DA0A9BC8816C3CC278D7FEBE3B3AFD4604E957074F3D12EDD15D24713527CBCCB47CFB1CC5580A62FFFE53137FADF898D35310359392A55B18D288D52498498/run.log
69d85b66e726865849d791f567020639e7352765ab7a963483409c2e9ba9ca6dc0afc2bb6b6e6c2895f72664c8064df52657b33370bafb64907beb602e0472f5,5562,603,346,./logs/20260405_214656_69D85B66E726865849D791F567020639E7352765AB7A963483409C2E9BA9CA6DC0AFC2BB6B6E6C2895F72664C8064DF52657B33370BAFB64907BEB602E0472F5/run.log
773e98a395774ab5f9033615b6e2e3827d64664cd192cf9d9e593cd7543a021dacbc2144550d6ee6d9b3d4e3036f97eb716159638c9f62836eaf0ef8acd826c7,5562,787,510,./logs/20260405_215625_773E98A395774AB5F9033615B6E2E3827D64664CD192CF9D9E593CD7543A021DACBC2144550D6EE6D9B3D4E3036F97EB716159638C9F62836EAF0EF8ACD826C7/run.log
3ca2322ec760ed0502746be7a5e4329fb6569ecebc1f8e9e4e4518d674648144fc8379265197f691f121271005f19022dff0b67a0db0a62007298fd3e3bcd62f,5562,604,366,./logs/20260405_220554_3CA2322EC760ED0502746BE7A5E4329FB6569ECEBC1F8E9E4E4518D674648144FC8379265197F691F121271005F19022DFF0B67A0DB0A62007298FD3E3BCD62F/run.log
511732227e1c125634736c921e12b5ae4c611ec4cac5885dc126f8d6009aa0fd1265c91241ce561d397719e70de9c1848e2315715704dd5c3371ab1a9bb7477e,5562,789,402,./logs/20260405_221523_511732227E1C125634736C921E12B5AE4C611EC4CAC5885DC126F8D6009AA0FD1265C91241CE561D397719E70DE9C1848E2315715704DD5C3371AB1A9BB7477E/run.log
c301bd952530f1a1fb07b2b0384ccc0e84e18c5f6ed663fc5c361e99f931a6bf1109dfdb87763271bf93f2a9790c7cbdc8f87723340bfc75c7dabed560dafb94,5562,607,285,./logs/20260405_222452_C301BD952530F1A1FB07B2B0384CCC0E84E18C5F6ED663FC5C361E99F931A6BF1109DFDB87763271BF93F2A9790C7CBDC8F87723340BFC75C7DABED560DAFB94/run.log
a3328aedadb8d4e3c5955be36ec4d4998e76b9511f9eba55627541bfebd04da50f9eece0d0e39b578fcfa28786496c2679bbb9c3c6ec7854080762b0b7804665,5562,785,288,./logs/20260405_223421_A3328AEDADB8D4E3C5955BE36EC4D4998E76B9511F9EBA55627541BFEBD04DA50F9EECE0D0E39B578FCFA28786496C2679BBB9C3C6EC7854080762B0B7804665/run.log
03443b378211121435d48ad543bb3262c9399eb6ac1a2530e9c24725e6a3bb2bec1fd29372d349b95f7d0f9cff6916053892ab24b87378bdd86cddcf9254d436,5562,605,301,./logs/20260405_224350_03443B378211121435D48AD543BB3262C9399EB6AC1A2530E9C24725E6A3BB2BEC1FD29372D349B95F7D0F9CFF6916053892AB24B87378BDD86CDDCF9254D436/run.log
0178031095204444eadb926fe1a9f06bfd65c9b9171f8869310cac9099ce9cf77bb783c8f95ae42b127823da18573b46038f3af1c07b0577ff1f366489b3672b,5562,788,511,./logs/20260405_225320_0178031095204444EADB926FE1A9F06BFD65C9B9171F8869310CAC9099CE9CF77BB783C8F95AE42B127823DA18573B46038F3AF1C07B0577FF1F366489B3672B/run.log
58ece620a192641aaa31597a6654e2978f0285e7e9e8d45bab57e5d200020535bbb12f939e52cd987dfc77de4ab85ba6157d713236ca459403acecbd5a61aa4c,5562,602,49,./logs/20260405_230249_58ECE620A192641AAA31597A6654E2978F0285E7E9E8D45BAB57E5D200020535BBB12F939E52CD987DFC77DE4AB85BA6157D713236CA459403ACECBD5A61AA4C/run.log
140a146a72e072350b3ad32dd6f5d6064bdeb8e4de0cce6de7d86d373c27cc087dbef4521453e0ef3966af185db163c3b5f0726ac1d9bedcd0840f236ca2621e,5562,782,66,./logs/20260405_231218_140A146A72E072350B3AD32DD6F5D6064BDEB8E4DE0CCE6DE7D86D373C27CC087DBEF4521453E0EF3966AF185DB163C3B5F0726AC1D9BEDCD0840F236CA2621E/run.log
c6b5b18f7deb75b1349253e4f7efe7494146ac4b72eb83ab5106953a2cb18c62dbad5dcfa506a4c95fcc5cad3509bba1a0ad42595bf4afa888f995eff950af4f,5562,603,62,./logs/20260405_232147_C6B5B18F7DEB75B1349253E4F7EFE7494146AC4B72EB83AB5106953A2CB18C62DBAD5DCFA506A4C95FCC5CAD3509BBA1A0AD42595BF4AFA888F995EFF950AF4F/run.log
22ffbe500c3cff7b3a5adf144ba7f570deb819d3a2beb92e5f524140648c8ddeefab7c32f07e18571499479e5608ea270eb61508b37c255608cd6ab36ce4ebf8,5562,786,16,./logs/20260405_233116_22FFBE500C3CFF7B3A5ADF144BA7F570DEB819D3A2BEB92E5F524140648C8DDEEFAB7C32F07E18571499479E5608EA270EB61508B37C255608CD6AB36CE4EBF8/run.log
ae72f776ae4125cb5e528b95b38cedda9bbfc30bcdc1f8d3f9e0b230d98af860d9816c9329b042952f7a1453e57b5b13431bc122bf5716e1e936652fdf7ffb1e,5562,606,46,./logs/20260405_234045_AE72F776AE4125CB5E528B95B38CEDDA9BBFC30BCDC1F8D3F9E0B230D98AF860D9816C9329B042952F7A1453E57B5B13431BC122BF5716E1E936652FDF7FFB1E/run.log
0bc8b4af0363af8b194916331ceed0f780d6ae6c0a4bb2f23bfd6564f26aa3131a58b338a1da2bb9d5f0cf518006fa922dea5deb5ead1964b978ce6a98da10f6,5562,789,78,./logs/20260405_235014_0BC8B4AF0363AF8B194916331CEED0F780D6AE6C0A4BB2F23BFD6564F26AA3131A58B338A1DA2BB9D5F0CF518006FA922DEA5DEB5EAD1964B978CE6A98DA10F6/run.log
17528016b69ad8ff01f0d70f4bb02c40f4a378c709e03a0313395fce840f5074d69861846e9e8dabd6cfdd1937a325ccac475f58da38aa43d3f1310a261d3af9,5562,607,71,./logs/20260405_235943_17528016B69AD8FF01F0D70F4BB02C40F4A378C709E03A0313395FCE840F5074D69861846E9E8DABD6CFDD1937A325CCAC475F58DA38AA43D3F1310A261D3AF9/run.log
99c08e54a535c4c079df45d6b7fb59b5a540b6175f97512d979a8d5dc600d1d4ffe9f0171e436032c6a4dc277e10df0b66c0130f4015d108718e441ba1b79993,5562,787,73,./logs/20260406_000913_99C08E54A535C4C079DF45D6B7FB59B5A540B6175F97512D979A8D5DC600D1D4FFE9F0171E436032C6A4DC277E10DF0B66C0130F4015D108718E441BA1B79993/run.log
fbc2f3c142afb68c6723a3f22cac35687b3ba48407b3c45aaabf6dc9d549b362d59c865ad421adfc70b2ee1cb18debe89fae54b559f1688c1f4022722cb58361,5562,610,57,./logs/20260406_001842_FBC2F3C142AFB68C6723A3F22CAC35687B3BA48407B3C45AAABF6DC9D549B362D59C865AD421ADFC70B2EE1CB18DEBE89FAE54B559F1688C1F4022722CB58361/run.log
cb019aacc0f0749ba3a553d4d6768d88fa946643f6edbc40fe89755d57fe41abcb9711f1c70e04a0e426a93a7af055bbaf1906cfb5acf01da5b6736eda8426b5,5562,785,78,./logs/20260406_002811_CB019AACC0F0749BA3A553D4D6768D88FA946643F6EDBC40FE89755D57FE41ABCB9711F1C70E04A0E426A93A7AF055BBAF1906CFB5ACF01DA5B6736EDA8426B5/run.log
129d63c671f92c2e43cbf25b895d0a0520e0163a2478287de2460960b942b740dc0e4767f1eb7b3cad4bce8045e29db8b61168a485665665230d9afa44cdb842,5562,604,59,./logs/20260406_003740_129d63c671f92c2e43cbf25b895d0a0520e0163a2478287de2460960b942b740dc0e4767f1eb7b3cad4bce8045e29db8b61168a485665665230d9afa44cdb842/run.log
1ca7970c749127de51393ceedfb6918f61c68329091fcb2bc4298a8c48d216a2ba839c6f8a42dffe0789c2abaf9cc07ae96be9cb94c0fd55bd2ab3c6125816db,5562,787,90,./logs/20260406_004709_1ca7970c749127de51393ceedfb6918f61c68329091fcb2bc4298a8c48d216a2ba839c6f8a42dffe0789c2abaf9cc07ae96be9cb94c0fd55bd2ab3c6125816db/run.log
3b9f44c95ed99834d2ca9a72d94c6dda68269a4df245bbed5efdeab1258d6d911e58720313dbf00016d2ce06946cfe7374d4633cbe4947eaaa541c3eb8d826dc,5562,607,47,./logs/20260406_005638_3b9f44c95ed99834d2ca9a72d94c6dda68269a4df245bbed5efdeab1258d6d911e58720313dbf00016d2ce06946cfe7374d4633cbe4947eaaa541c3eb8d826dc/run.log
55522b69bb3307cacf865bd8c4cec372145fd006cf32d8f389fd5aa2852a4efc04246d67ae6b693485e40b2556c23f2cfb4dcd91773b6ecc5cfc0ff5e2780e6e,5562,782,55,./logs/20260406_010607_55522b69bb3307cacf865bd8c4cec372145fd006cf32d8f389fd5aa2852a4efc04246d67ae6b693485e40b2556c23f2cfb4dcd91773b6ecc5cfc0ff5e2780e6e/run.log
58799d5a17d2148c9d433fd0584939e785c61164af15ec6d607ff3d1aad39fc780755e96a4f89aef15c9416d745e17d4e4e90d8ce86f330e597376c65e4b0669,5562,603,39,./logs/20260406_011536_58799d5a17d2148c9d433fd0584939e785c61164af15ec6d607ff3d1aad39fc780755e96a4f89aef15c9416d745e17d4e4e90d8ce86f330e597376c65e4b0669/run.log
98ec3b71778c457dc1521868b37ed1298b54eee4d5446801a805a6e482bfb6140f642df527cd097af9b087e1b18b5a7429d92e915fb2529320fc1538359ee36d,5562,782,68,./logs/20260406_012506_98ec3b71778c457dc1521868b37ed1298b54eee4d5446801a805a6e482bfb6140f642df527cd097af9b087e1b18b5a7429d92e915fb2529320fc1538359ee36d/run.log
9e970153d58346fc6816f32990002576aa67a08e9b6d9719c894c6556e0feb3eb8a042aec61e70bcc8f7b10fba2d1538044e0a8643801283b7aadf041ea80274,5562,603,49,./logs/20260406_013435_9e970153d58346fc6816f32990002576aa67a08e9b6d9719c894c6556e0feb3eb8a042aec61e70bcc8f7b10fba2d1538044e0a8643801283b7aadf041ea80274/run.log
a68d9f31629b9dec41c79c7bc2bb59ebba109673ce97561efc68fcef4c7bfd779b57420a0f2d3367725d99dc94d9419f3591175f929f10db38822e55109fe546,5562,786,79,./logs/20260406_014404_a68d9f31629b9dec41c79c7bc2bb59ebba109673ce97561efc68fcef4c7bfd779b57420a0f2d3367725d99dc94d9419f3591175f929f10db38822e55109fe546/run.log
b297f56290d43c183896144074af50202efc4cec11a3b7542b7fc37219b8546476dfb648a834a58b04bbcc8ab71ccfa985e04d78d27f64af64d3feaacb5633c3,5562,605,67,./logs/20260406_015333_b297f56290d43c183896144074af50202efc4cec11a3b7542b7fc37219b8546476dfb648a834a58b04bbcc8ab71ccfa985e04d78d27f64af64d3feaacb5633c3/run.log
c0ec70966dd0cce7dc19b35d049eda08cf0b1059daba58f48b4331e40af5d8b66c8f5984c2963cb64f0cf85e37176f3a97b83a255e0e6efd6da686e0be907def,5562,788,74,./logs/20260406_020302_c0ec70966dd0cce7dc19b35d049eda08cf0b1059daba58f48b4331e40af5d8b66c8f5984c2963cb64f0cf85e37176f3a97b83a255e0e6efd6da686e0be907def/run.log
c9863d60aefd3c35c9883a2447a0c2392d9927857510e571f4ee9d959b7529da8cb14b0a72d2114dc496816a51e7b864dee17fc19ce2b4ba2300eeac0f3a72ba,5562,606,43,./logs/20260406_021231_c9863d60aefd3c35c9883a2447a0c2392d9927857510e571f4ee9d959b7529da8cb14b0a72d2114dc496816a51e7b864dee17fc19ce2b4ba2300eeac0f3a72ba/run.log
d23c399a7b4dc57fd0f1d9068c5f23663ae6126ec28f2ba1392df58035eb6de5dc26eef927eec40e5049e9249cddad8f20c0a32fc25871021e2f2d20b722c16e,5562,786,1,./logs/20260406_022200_d23c399a7b4dc57fd0f1d9068c5f23663ae6126ec28f2ba1392df58035eb6de5dc26eef927eec40e5049e9249cddad8f20c0a32fc25871021e2f2d20b722c16e/run.log
f4c1df029b06a5e0093536ae89b58cf8b2e77dc8e2d03ddcad2cf2b6c1a8df44e4fcfdb5410bf0c45ad1cc0c1b1974ae9e14c3c93d4fe951143fbfaa1bab7e5d,5562,613,48,./logs/20260406_023129_f4c1df029b06a5e0093536ae89b58cf8b2e77dc8e2d03ddcad2cf2b6c1a8df44e4fcfdb5410bf0c45ad1cc0c1b1974ae9e14c3c93d4fe951143fbfaa1bab7e5d/run.log
9626f555304b2fbad251462dba9f9f805d9f8f94dbefb01d761933e83a6bc9b0bf95804bdcb11ac4f8b2ed1b8c7bb077fd39a21ba78139e619e861d7b86c2d96,5562,785,61,./logs/20260406_024059_9626f555304b2fbad251462dba9f9f805d9f8f94dbefb01d761933e83a6bc9b0bf95804bdcb11ac4f8b2ed1b8c7bb077fd39a21ba78139e619e861d7b86c2d96/run.log
a1643685571a989a8dc38801cea3db6338d7ec8d0b86ee74cea889b39c5573ec02d7655468faa2690e3747e8848c8df11796a1b8d220d166a45cdec0631c6e91,5562,604,42,./logs/20260406_025028_a1643685571a989a8dc38801cea3db6338d7ec8d0b86ee74cea889b39c5573ec02d7655468faa2690e3747e8848c8df11796a1b8d220d166a45cdec0631c6e91/run.log
c6ea7d8779d1fcf9e06b93b8d53ccbfa2273cbc013534685a8382533ea24e03190eeafe50f14ad322f21407d7937acb325c381caf514df9dfd52a464f48220ed,5562,781,50,./logs/20260406_025957_c6ea7d8779d1fcf9e06b93b8d53ccbfa2273cbc013534685a8382533ea24e03190eeafe50f14ad322f21407d7937acb325c381caf514df9dfd52a464f48220ed/run.log
9626f555304b2fbad251462dba9f9f805d9f8f94dbefb01d761933e83a6bc9b0bf95804bdcb11ac4f8b2ed1b8c7bb077fd39a21ba78139e619e861d7b86c2d96,5562,606,45,./logs/20260406_030926_9626f555304b2fbad251462dba9f9f805d9f8f94dbefb01d761933e83a6bc9b0bf95804bdcb11ac4f8b2ed1b8c7bb077fd39a21ba78139e619e861d7b86c2d96/run.log
a1643685571a989a8dc38801cea3db6338d7ec8d0b86ee74cea889b39c5573ec02d7655468faa2690e3747e8848c8df11796a1b8d220d166a45cdec0631c6e91,5562,785,47,./logs/20260406_031855_a1643685571a989a8dc38801cea3db6338d7ec8d0b86ee74cea889b39c5573ec02d7655468faa2690e3747e8848c8df11796a1b8d220d166a45cdec0631c6e91/run.log
c6ea7d8779d1fcf9e06b93b8d53ccbfa2273cbc013534685a8382533ea24e03190eeafe50f14ad322f21407d7937acb325c381caf514df9dfd52a464f48220ed,5562,608,37,./logs/20260406_032824_c6ea7d8779d1fcf9e06b93b8d53ccbfa2273cbc013534685a8382533ea24e03190eeafe50f14ad322f21407d7937acb325c381caf514df9dfd52a464f48220ed/run.log
2840a875e4ca9d6e22cb4f4eb38c8e91fde0e5d09f28728f1b2e730010061717c974193e4002ef4ad1176bb5a61f377e13b068a1756454dd2859e78faf573883,5562,784,44,./logs/20260406_033753_2840a875e4ca9d6e22cb4f4eb38c8e91fde0e5d09f28728f1b2e730010061717c974193e4002ef4ad1176bb5a61f377e13b068a1756454dd2859e78faf573883/run.log
6385c45a9370d96e4196eeaa30801f96e594c7b57dfe03915ed3cfea2b58cb5044148c0cf2b0aa0030f4f5653d12e8f4f020b2b12f342c1f4cd8d03bd438145b,5562,608,44,./logs/20260406_034722_6385c45a9370d96e4196eeaa30801f96e594c7b57dfe03915ed3cfea2b58cb5044148c0cf2b0aa0030f4f5653d12e8f4f020b2b12f342c1f4cd8d03bd438145b/run.log
abdae3c8fe838a3ab3aa762632d71fabec04b52dbe27d85f4685a7d0af49aaafef35034739a4771b1933345a8807d12325be6c8a287b68d1ee9fbf892efd8a15,5562,789,74,./logs/20260406_035651_abdae3c8fe838a3ab3aa762632d71fabec04b52dbe27d85f4685a7d0af49aaafef35034739a4771b1933345a8807d12325be6c8a287b68d1ee9fbf892efd8a15/run.log
fc0a1090f8d1c014cca2cb9e2d0e25110acfb6786e12b0d2ad70b25f296cb55f30e79cc2c415c8c40a108c3791e9bfb63cda0d6805663f68d23e44feef25e7dc,5562,609,39,./logs/20260406_040621_fc0a1090f8d1c014cca2cb9e2d0e25110acfb6786e12b0d2ad70b25f296cb55f30e79cc2c415c8c40a108c3791e9bfb63cda0d6805663f68d23e44feef25e7dc/run.log
